,,0
temperature_celsius,feels_like_celsius,0.9822626083220942
wind_kph,gust_kph,0.9495211864584321
air_quality_us-epa-index,air_quality_gb-defra-index,0.9338927759791615
air_quality_PM2.5,air_quality_us-epa-index,0.8034315485358313
air_quality_PM2.5,air_quality_gb-defra-index,0.772862501336422
air_quality_PM2.5,air_quality_PM10,0.6440723907492685
air_quality_Carbon_Monoxide,air_quality_PM2.5,0.6186737623964512
air_quality_Carbon_Monoxide,air_quality_Nitrogen_dioxide,0.6049905878498112
air_quality_Nitrogen_dioxide,air_quality_us-epa-index,0.5603206363907798
humidity,uv_index,-0.5598514883960394
air_quality_Nitrogen_dioxide,air_quality_gb-defra-index,0.5572997146803139
humidity,cloud,0.5266437644412644
air_quality_Nitrogen_dioxide,air_quality_PM2.5,0.5246150417882118
air_quality_PM10,air_quality_us-epa-index,0.5119243409086418
temperature_celsius,uv_index,0.4872681706094434
air_quality_PM10,air_quality_gb-defra-index,0.4837924074736677
air_quality_Carbon_Monoxide,air_quality_us-epa-index,0.4798360245526988
air_quality_Carbon_Monoxide,air_quality_gb-defra-index,0.45638077534675286
air_quality_Nitrogen_dioxide,air_quality_Sulphur_dioxide,0.44244000608190626
feels_like_celsius,uv_index,0.42659633551088194
